{"cameraMode":{"drawMode":0,"name":"Shaded","section":"Shading Mode"},"sceneLighting":true,"audioPlay":false,"sceneViewState":{"showFog":true,"showMaterialUpdate":false,"showSkybox":true,"showFlares":true,"showImageEffects":true,"showParticleSystems":true},"in2DMode":false,"pivot":{"x":-0.4629594683647156,"y":0.4998909831047058,"z":0.7855821251869202},"rotation":{"x":-0.16188432276248933,"y":0.7621129751205444,"z":-0.2087154984474182,"w":-0.5911133885383606},"size":1.5452344417572022,"orthographic":false}