{"cameraMode":{"drawMode":0,"name":"Shaded","section":"Shading Mode"},"sceneLighting":true,"audioPlay":false,"sceneViewState":{"showFog":true,"showMaterialUpdate":false,"showSkybox":true,"showFlares":true,"showImageEffects":true,"showParticleSystems":true},"in2DMode":false,"pivot":{"x":101.67674255371094,"y":394.29998779296877,"z":0.0},"rotation":{"x":-0.053616076707839969,"y":-0.15602955222129823,"z":0.0084822503849864,"w":-0.9862596988677979},"size":360.4437561035156,"orthographic":false}