{"cameraMode":{"drawMode":0,"name":"Shaded","section":"Shading Mode"},"sceneLighting":true,"audioPlay":false,"sceneViewState":{"showFog":true,"showMaterialUpdate":false,"showSkybox":true,"showFlares":true,"showImageEffects":true,"showParticleSystems":true},"in2DMode":false,"pivot":{"x":-0.804804801940918,"y":1.700315237045288,"z":0.8658294677734375},"rotation":{"x":0.2824358344078064,"y":0.7076389193534851,"z":-0.5228201150894165,"w":0.3822777271270752},"size":3.086299419403076,"orthographic":false}