{"cameraMode":{"drawMode":0,"name":"Shaded","section":"Shading Mode"},"sceneLighting":true,"audioPlay":false,"sceneViewState":{"showFog":true,"showMaterialUpdate":false,"showSkybox":true,"showFlares":true,"showImageEffects":true,"showParticleSystems":true},"in2DMode":false,"pivot":{"x":-0.25992822647094729,"y":0.6005456447601318,"z":1.543514370918274},"rotation":{"x":-0.1897873729467392,"y":0.6555154919624329,"z":-0.17527936398983003,"w":-0.7096176743507385},"size":2.4624993801116945,"orthographic":false}