{"cameraMode":{"drawMode":0,"name":"Shaded","section":"Shading Mode"},"sceneLighting":true,"audioPlay":false,"sceneViewState":{"showFog":true,"showMaterialUpdate":false,"showSkybox":true,"showFlares":true,"showImageEffects":true,"showParticleSystems":true},"in2DMode":false,"pivot":{"x":4.543241500854492,"y":1.0200870037078858,"z":2.3689370155334474},"rotation":{"x":-0.21252880990505219,"y":0.7872689962387085,"z":-0.4192224442958832,"w":-0.3991134762763977},"size":13.71548843383789,"orthographic":false}