{"cameraMode":{"drawMode":0,"name":"Shaded","section":"Shading Mode"},"sceneLighting":false,"audioPlay":false,"sceneViewState":{"showFog":true,"showMaterialUpdate":false,"showSkybox":true,"showFlares":true,"showImageEffects":true,"showParticleSystems":true},"in2DMode":false,"pivot":{"x":0.0051326751708984379,"y":-0.022599875926971437,"z":0.0},"rotation":{"x":0.025173848494887353,"y":0.033580485731363299,"z":0.000846675771754235,"w":-0.9991185665130615},"size":1.370394229888916,"orthographic":false}