{"cameraMode":{"drawMode":0,"name":"Shaded","section":"Shading Mode"},"sceneLighting":true,"audioPlay":false,"sceneViewState":{"showFog":true,"showMaterialUpdate":false,"showSkybox":true,"showFlares":true,"showImageEffects":true,"showParticleSystems":true},"in2DMode":false,"pivot":{"x":-0.39171284437179568,"y":0.6549999713897705,"z":1.0585739612579346},"rotation":{"x":0.017175085842609407,"y":0.9766674041748047,"z":-0.1962619572877884,"w":0.08548150956630707},"size":2.710697889328003,"orthographic":false}