{"cameraMode":{"drawMode":0,"name":"Shaded","section":"Shading Mode"},"sceneLighting":false,"audioPlay":false,"sceneViewState":{"showFog":true,"showMaterialUpdate":false,"showSkybox":true,"showFlares":true,"showImageEffects":true,"showParticleSystems":true},"in2DMode":false,"pivot":{"x":-1.3329999446868897,"y":0.4789998531341553,"z":-2.568999767303467},"rotation":{"x":0.017175085842609407,"y":0.9766674041748047,"z":-0.1962619572877884,"w":0.08548150956630707},"size":2.7910399436950685,"orthographic":false}